<?xml version="1.0" encoding="UTF-8"?>
<root>
  <item name="com.urbanairship.push.iam.InAppMessage int getPosition()">
    <annotation name="android.support.annotation.IntDef">
      <val name="value" val="{com.urbanairship.push.iam.InAppMessage.POSITION_TOP, com.urbanairship.push.iam.InAppMessage.POSITION_BOTTOM}" />
    </annotation>
  </item>
  <item name="com.urbanairship.push.iam.InAppMessage.Builder com.urbanairship.push.iam.InAppMessage.Builder setPosition(int) 0">
    <annotation name="android.support.annotation.IntDef">
      <val name="value" val="{com.urbanairship.push.iam.InAppMessage.POSITION_TOP, com.urbanairship.push.iam.InAppMessage.POSITION_BOTTOM}" />
    </annotation>
  </item>
  <item name="com.urbanairship.push.iam.InAppMessageFragment void runActions(java.util.Map&lt;java.lang.String,com.urbanairship.actions.ActionValue&gt;, int) 1">
    <annotation name="android.support.annotation.IntDef">
      <val name="value" val="{com.urbanairship.actions.Action.SITUATION_MANUAL_INVOCATION, com.urbanairship.actions.Action.SITUATION_PUSH_RECEIVED, com.urbanairship.actions.Action.SITUATION_PUSH_OPENED, com.urbanairship.actions.Action.SITUATION_WEB_VIEW_INVOCATION, com.urbanairship.actions.Action.SITUATION_FOREGROUND_NOTIFICATION_ACTION_BUTTON, com.urbanairship.actions.Action.SITUATION_BACKGROUND_NOTIFICATION_ACTION_BUTTON}" />
    </annotation>
  </item>
</root>

