<?xml version="1.0" encoding="UTF-8"?>
<root>
  <item name="com.urbanairship.location.LocationRequestOptions.Builder com.urbanairship.location.LocationRequestOptions.Builder setPriority(int) 0">
    <annotation name="android.support.annotation.IntDef">
      <val name="value" val="{com.urbanairship.location.LocationRequestOptions.PRIORITY_HIGH_ACCURACY, com.urbanairship.location.LocationRequestOptions.PRIORITY_BALANCED_POWER_ACCURACY, com.urbanairship.location.LocationRequestOptions.PRIORITY_LOW_POWER, com.urbanairship.location.LocationRequestOptions.PRIORITY_NO_POWER}" />
    </annotation>
  </item>
  <item name="com.urbanairship.location.RegionEvent RegionEvent(java.lang.String, java.lang.String, int) 2">
    <annotation name="android.support.annotation.IntDef">
      <val name="value" val="{com.urbanairship.location.RegionEvent.BOUNDARY_EVENT_ENTER, com.urbanairship.location.RegionEvent.BOUNDARY_EVENT_EXIT}" />
    </annotation>
  </item>
  <item name="com.urbanairship.location.RegionEvent int getPriority()">
    <annotation name="android.support.annotation.IntDef">
      <val name="value" val="{com.urbanairship.analytics.Event.LOW_PRIORITY, com.urbanairship.analytics.Event.NORMAL_PRIORITY, com.urbanairship.analytics.Event.HIGH_PRIORITY}" />
    </annotation>
  </item>
</root>

